sourceTaxonId	sourceTaxonName	interactionTypeId	interactionTypeName	targetTaxonId	targetTaxonName	localityId	localityName	decimalLatitude	decimalLongitude	observationDateTime	referenceDoi	referenceCitation
EOL:2757414	Frieseomelitta varia	RO:0002456	pollinates	EOL:581090	Acnistus arborescens	GEONAMES:9257717	campus of Universidade de São Paulo	-21.175	-47.81055556	2010-03/2011-02	doi: 10.13102/sociobiology.v60i3.266-276	Aleixo, K.P., de Faria, L.B., Garófalo, C.A., Fonseca, V.L.I. and da Silva, C.I., 2013. Pollen collected and foraging activities of Frieseomelitta varia (Lepeletier)(Hymenoptera: Apidae) in an urban landscape. Sociobiology, 60(3), pp.266-276.
EOL:2757414	Frieseomelitta varia	RO:0002456	pollinates	EOL:642408	Alysicarpus vaginalis	GEONAMES:9257717	campus of Universidade de São Paulo	-21.175	-47.81055556	2010-03/2011-02	doi: 10.13102/sociobiology.v60i3.266-276	Aleixo, K.P., de Faria, L.B., Garófalo, C.A., Fonseca, V.L.I. and da Silva, C.I., 2013. Pollen collected and foraging activities of Frieseomelitta varia (Lepeletier)(Hymenoptera: Apidae) in an urban landscape. Sociobiology, 60(3), pp.266-276.
EOL:2757414	Frieseomelitta varia	RO:0002456	pollinates	EOL:582263	Anacardium occidentale	GEONAMES:9257717	campus of Universidade de São Paulo	-21.175	-47.81055556	2010-03/2011-02	doi: 10.13102/sociobiology.v60i3.266-276	Aleixo, K.P., de Faria, L.B., Garófalo, C.A., Fonseca, V.L.I. and da Silva, C.I., 2013. Pollen collected and foraging activities of Frieseomelitta varia (Lepeletier)(Hymenoptera: Apidae) in an urban landscape. Sociobiology, 60(3), pp.266-276.
EOL:2757414	Frieseomelitta varia	RO:0002456	pollinates	EOL:1232823	Anadenanthera macrocarpa	GEONAMES:9257717	campus of Universidade de São Paulo	-21.175	-47.81055556	2010-03/2011-02	doi: 10.13102/sociobiology.v60i3.266-276	Aleixo, K.P., de Faria, L.B., Garófalo, C.A., Fonseca, V.L.I. and da Silva, C.I., 2013. Pollen collected and foraging activities of Frieseomelitta varia (Lepeletier)(Hymenoptera: Apidae) in an urban landscape. Sociobiology, 60(3), pp.266-276.
EOL:2757414	Frieseomelitta varia	RO:0002456	pollinates	EOL:486414	Brunfelsia uniflora	GEONAMES:9257717	campus of Universidade de São Paulo	-21.175	-47.81055556	2010-03/2011-02	doi: 10.13102/sociobiology.v60i3.266-276	Aleixo, K.P., de Faria, L.B., Garófalo, C.A., Fonseca, V.L.I. and da Silva, C.I., 2013. Pollen collected and foraging activities of Frieseomelitta varia (Lepeletier)(Hymenoptera: Apidae) in an urban landscape. Sociobiology, 60(3), pp.266-276.
EOL:2757414	Frieseomelitta varia	RO:0002456	pollinates	EOL:703645	Caesalpinia pulcherrima	GEONAMES:9257717	campus of Universidade de São Paulo	-21.175	-47.81055556	2010-03/2011-02	doi: 10.13102/sociobiology.v60i3.266-276	Aleixo, K.P., de Faria, L.B., Garófalo, C.A., Fonseca, V.L.I. and da Silva, C.I., 2013. Pollen collected and foraging activities of Frieseomelitta varia (Lepeletier)(Hymenoptera: Apidae) in an urban landscape. Sociobiology, 60(3), pp.266-276.
EOL:2757414	Frieseomelitta varia	RO:0002456	pollinates	EOL:585682	Carica papaya	GEONAMES:9257717	campus of Universidade de São Paulo	-21.175	-47.81055556	2010-03/2011-02	doi: 10.13102/sociobiology.v60i3.266-276	Aleixo, K.P., de Faria, L.B., Garófalo, C.A., Fonseca, V.L.I. and da Silva, C.I., 2013. Pollen collected and foraging activities of Frieseomelitta varia (Lepeletier)(Hymenoptera: Apidae) in an urban landscape. Sociobiology, 60(3), pp.266-276.
EOL:2757414	Frieseomelitta varia	RO:0002456	pollinates	EOL:581911	Cedrela odorata	GEONAMES:9257717	campus of Universidade de São Paulo	-21.175	-47.81055556	2010-03/2011-02	doi: 10.13102/sociobiology.v60i3.266-276	Aleixo, K.P., de Faria, L.B., Garófalo, C.A., Fonseca, V.L.I. and da Silva, C.I., 2013. Pollen collected and foraging activities of Frieseomelitta varia (Lepeletier)(Hymenoptera: Apidae) in an urban landscape. Sociobiology, 60(3), pp.266-276.
EOL:2757414	Frieseomelitta varia	RO:0002456	pollinates	EOL:5405972	Ceiba speciosa	GEONAMES:9257717	campus of Universidade de São Paulo	-21.175	-47.81055556	2010-03/2011-02	doi: 10.13102/sociobiology.v60i3.266-276	Aleixo, K.P., de Faria, L.B., Garófalo, C.A., Fonseca, V.L.I. and da Silva, C.I., 2013. Pollen collected and foraging activities of Frieseomelitta varia (Lepeletier)(Hymenoptera: Apidae) in an urban landscape. Sociobiology, 60(3), pp.266-276.
EOL:2757414	Frieseomelitta varia	RO:0002456	pollinates	EOL:589814	Celtis iguanaea	GEONAMES:9257717	campus of Universidade de São Paulo	-21.175	-47.81055556	2010-03/2011-02	doi: 10.13102/sociobiology.v60i3.266-276	Aleixo, K.P., de Faria, L.B., Garófalo, C.A., Fonseca, V.L.I. and da Silva, C.I., 2013. Pollen collected and foraging activities of Frieseomelitta varia (Lepeletier)(Hymenoptera: Apidae) in an urban landscape. Sociobiology, 60(3), pp.266-276.
EOL:2757414	Frieseomelitta varia	RO:0002456	pollinates	EOL:585468	Chamissoa altissima	GEONAMES:9257717	campus of Universidade de São Paulo	-21.175	-47.81055556	2010-03/2011-02	doi: 10.13102/sociobiology.v60i3.266-276	Aleixo, K.P., de Faria, L.B., Garófalo, C.A., Fonseca, V.L.I. and da Silva, C.I., 2013. Pollen collected and foraging activities of Frieseomelitta varia (Lepeletier)(Hymenoptera: Apidae) in an urban landscape. Sociobiology, 60(3), pp.266-276.
EOL:2757414	Frieseomelitta varia	RO:0002456	pollinates	EOL:488255	Citrus limonia	GEONAMES:9257717	campus of Universidade de São Paulo	-21.175	-47.81055556	2010-03/2011-02	doi: 10.13102/sociobiology.v60i3.266-276	Aleixo, K.P., de Faria, L.B., Garófalo, C.A., Fonseca, V.L.I. and da Silva, C.I., 2013. Pollen collected and foraging activities of Frieseomelitta varia (Lepeletier)(Hymenoptera: Apidae) in an urban landscape. Sociobiology, 60(3), pp.266-276.
EOL:2757414	Frieseomelitta varia	RO:0002456	pollinates	EOL:1091712	Cocos nucifera	GEONAMES:9257717	campus of Universidade de São Paulo	-21.175	-47.81055556	2010-03/2011-02	doi: 10.13102/sociobiology.v60i3.266-276	Aleixo, K.P., de Faria, L.B., Garófalo, C.A., Fonseca, V.L.I. and da Silva, C.I., 2013. Pollen collected and foraging activities of Frieseomelitta varia (Lepeletier)(Hymenoptera: Apidae) in an urban landscape. Sociobiology, 60(3), pp.266-276.
EOL:2757414	Frieseomelitta varia	RO:0002456	pollinates	EOL:5349756	Cordia trichotoma	GEONAMES:9257717	campus of Universidade de São Paulo	-21.175	-47.81055556	2010-03/2011-02	doi: 10.13102/sociobiology.v60i3.266-276	Aleixo, K.P., de Faria, L.B., Garófalo, C.A., Fonseca, V.L.I. and da Silva, C.I., 2013. Pollen collected and foraging activities of Frieseomelitta varia (Lepeletier)(Hymenoptera: Apidae) in an urban landscape. Sociobiology, 60(3), pp.266-276.
EOL:2757414	Frieseomelitta varia	RO:0002456	pollinates	EOL:417417	Delonix regia	GEONAMES:9257717	campus of Universidade de São Paulo	-21.175	-47.81055556	2010-03/2011-02	doi: 10.13102/sociobiology.v60i3.266-276	Aleixo, K.P., de Faria, L.B., Garófalo, C.A., Fonseca, V.L.I. and da Silva, C.I., 2013. Pollen collected and foraging activities of Frieseomelitta varia (Lepeletier)(Hymenoptera: Apidae) in an urban landscape. Sociobiology, 60(3), pp.266-276.
EOL:2757414	Frieseomelitta varia	RO:0002456	pollinates	EOL:487855	Duranta repens	GEONAMES:9257717	campus of Universidade de São Paulo	-21.175	-47.81055556	2010-03/2011-02	doi: 10.13102/sociobiology.v60i3.266-276	Aleixo, K.P., de Faria, L.B., Garófalo, C.A., Fonseca, V.L.I. and da Silva, C.I., 2013. Pollen collected and foraging activities of Frieseomelitta varia (Lepeletier)(Hymenoptera: Apidae) in an urban landscape. Sociobiology, 60(3), pp.266-276.
EOL:2757414	Frieseomelitta varia	RO:0002456	pollinates	EOL:2508574	Eugenia brasiliensis	GEONAMES:9257717	campus of Universidade de São Paulo	-21.175	-47.81055556	2010-03/2011-02	doi: 10.13102/sociobiology.v60i3.266-276	Aleixo, K.P., de Faria, L.B., Garófalo, C.A., Fonseca, V.L.I. and da Silva, C.I., 2013. Pollen collected and foraging activities of Frieseomelitta varia (Lepeletier)(Hymenoptera: Apidae) in an urban landscape. Sociobiology, 60(3), pp.266-276.
EOL:2757414	Frieseomelitta varia	RO:0002456	pollinates	EOL:5310416	Eugenia involucrata	GEONAMES:9257717	campus of Universidade de São Paulo	-21.175	-47.81055556	2010-03/2011-02	doi: 10.13102/sociobiology.v60i3.266-276	Aleixo, K.P., de Faria, L.B., Garófalo, C.A., Fonseca, V.L.I. and da Silva, C.I., 2013. Pollen collected and foraging activities of Frieseomelitta varia (Lepeletier)(Hymenoptera: Apidae) in an urban landscape. Sociobiology, 60(3), pp.266-276.
EOL:2757414	Frieseomelitta varia	RO:0002456	pollinates	EOL:5450483	Eugenia pyriformis	GEONAMES:9257717	campus of Universidade de São Paulo	-21.175	-47.81055556	2010-03/2011-02	doi: 10.13102/sociobiology.v60i3.266-276	Aleixo, K.P., de Faria, L.B., Garófalo, C.A., Fonseca, V.L.I. and da Silva, C.I., 2013. Pollen collected and foraging activities of Frieseomelitta varia (Lepeletier)(Hymenoptera: Apidae) in an urban landscape. Sociobiology, 60(3), pp.266-276.
EOL:2757414	Frieseomelitta varia	RO:0002456	pollinates	EOL:2508562	Eugenia uniflora	GEONAMES:9257717	campus of Universidade de São Paulo	-21.175	-47.81055556	2010-03/2011-02	doi: 10.13102/sociobiology.v60i3.266-276	Aleixo, K.P., de Faria, L.B., Garófalo, C.A., Fonseca, V.L.I. and da Silva, C.I., 2013. Pollen collected and foraging activities of Frieseomelitta varia (Lepeletier)(Hymenoptera: Apidae) in an urban landscape. Sociobiology, 60(3), pp.266-276.
EOL:2757414	Frieseomelitta varia	RO:0002456	pollinates	EOL:5222161	Gallesia integrifolia	GEONAMES:9257717	campus of Universidade de São Paulo	-21.175	-47.81055556	2010-03/2011-02	doi: 10.13102/sociobiology.v60i3.266-276	Aleixo, K.P., de Faria, L.B., Garófalo, C.A., Fonseca, V.L.I. and da Silva, C.I., 2013. Pollen collected and foraging activities of Frieseomelitta varia (Lepeletier)(Hymenoptera: Apidae) in an urban landscape. Sociobiology, 60(3), pp.266-276.
EOL:2757414	Frieseomelitta varia	RO:0002456	pollinates	EOL:582736	Grevillea robusta	GEONAMES:9257717	campus of Universidade de São Paulo	-21.175	-47.81055556	2010-03/2011-02	doi: 10.13102/sociobiology.v60i3.266-276	Aleixo, K.P., de Faria, L.B., Garófalo, C.A., Fonseca, V.L.I. and da Silva, C.I., 2013. Pollen collected and foraging activities of Frieseomelitta varia (Lepeletier)(Hymenoptera: Apidae) in an urban landscape. Sociobiology, 60(3), pp.266-276.
EOL:2757414	Frieseomelitta varia	RO:0002456	pollinates	EOL:584815	Guazuma ulmifolia	GEONAMES:9257717	campus of Universidade de São Paulo	-21.175	-47.81055556	2010-03/2011-02	doi: 10.13102/sociobiology.v60i3.266-276	Aleixo, K.P., de Faria, L.B., Garófalo, C.A., Fonseca, V.L.I. and da Silva, C.I., 2013. Pollen collected and foraging activities of Frieseomelitta varia (Lepeletier)(Hymenoptera: Apidae) in an urban landscape. Sociobiology, 60(3), pp.266-276.
EOL:2757414	Frieseomelitta varia	RO:0002456	pollinates	EOL:5637441	Handroanthus roseo-albus	GEONAMES:9257717	campus of Universidade de São Paulo	-21.175	-47.81055556	2010-03/2011-02	doi: 10.13102/sociobiology.v60i3.266-276	Aleixo, K.P., de Faria, L.B., Garófalo, C.A., Fonseca, V.L.I. and da Silva, C.I., 2013. Pollen collected and foraging activities of Frieseomelitta varia (Lepeletier)(Hymenoptera: Apidae) in an urban landscape. Sociobiology, 60(3), pp.266-276.
EOL:2757414	Frieseomelitta varia	RO:0002456	pollinates	EOL:1155969	Joannesia princeps	GEONAMES:9257717	campus of Universidade de São Paulo	-21.175	-47.81055556	2010-03/2011-02	doi: 10.13102/sociobiology.v60i3.266-276	Aleixo, K.P., de Faria, L.B., Garófalo, C.A., Fonseca, V.L.I. and da Silva, C.I., 2013. Pollen collected and foraging activities of Frieseomelitta varia (Lepeletier)(Hymenoptera: Apidae) in an urban landscape. Sociobiology, 60(3), pp.266-276.
EOL:2757414	Frieseomelitta varia	RO:0002456	pollinates	EOL:418348	Leucaena leucocephala	GEONAMES:9257717	campus of Universidade de São Paulo	-21.175	-47.81055556	2010-03/2011-02	doi: 10.13102/sociobiology.v60i3.266-276	Aleixo, K.P., de Faria, L.B., Garófalo, C.A., Fonseca, V.L.I. and da Silva, C.I., 2013. Pollen collected and foraging activities of Frieseomelitta varia (Lepeletier)(Hymenoptera: Apidae) in an urban landscape. Sociobiology, 60(3), pp.266-276.
EOL:2757414	Frieseomelitta varia	RO:0002456	pollinates	EOL:487035	Ligustrum lucidum	GEONAMES:9257717	campus of Universidade de São Paulo	-21.175	-47.81055556	2010-03/2011-02	doi: 10.13102/sociobiology.v60i3.266-276	Aleixo, K.P., de Faria, L.B., Garófalo, C.A., Fonseca, V.L.I. and da Silva, C.I., 2013. Pollen collected and foraging activities of Frieseomelitta varia (Lepeletier)(Hymenoptera: Apidae) in an urban landscape. Sociobiology, 60(3), pp.266-276.
EOL:2757414	Frieseomelitta varia	RO:0002456	pollinates	EOL:582945	Malpighia emarginata	GEONAMES:9257717	campus of Universidade de São Paulo	-21.175	-47.81055556	2010-03/2011-02	doi: 10.13102/sociobiology.v60i3.266-276	Aleixo, K.P., de Faria, L.B., Garófalo, C.A., Fonseca, V.L.I. and da Silva, C.I., 2013. Pollen collected and foraging activities of Frieseomelitta varia (Lepeletier)(Hymenoptera: Apidae) in an urban landscape. Sociobiology, 60(3), pp.266-276.
EOL:2757414	Frieseomelitta varia	RO:0002456	pollinates	EOL:584862	Muntingia calabura	GEONAMES:9257717	campus of Universidade de São Paulo	-21.175	-47.81055556	2010-03/2011-02	doi: 10.13102/sociobiology.v60i3.266-276	Aleixo, K.P., de Faria, L.B., Garófalo, C.A., Fonseca, V.L.I. and da Silva, C.I., 2013. Pollen collected and foraging activities of Frieseomelitta varia (Lepeletier)(Hymenoptera: Apidae) in an urban landscape. Sociobiology, 60(3), pp.266-276.
EOL:2757414	Frieseomelitta varia	RO:0002456	pollinates	EOL:489435	Murraya paniculata	GEONAMES:9257717	campus of Universidade de São Paulo	-21.175	-47.81055556	2010-03/2011-02	doi: 10.13102/sociobiology.v60i3.266-276	Aleixo, K.P., de Faria, L.B., Garófalo, C.A., Fonseca, V.L.I. and da Silva, C.I., 2013. Pollen collected and foraging activities of Frieseomelitta varia (Lepeletier)(Hymenoptera: Apidae) in an urban landscape. Sociobiology, 60(3), pp.266-276.
EOL:2757414	Frieseomelitta varia	RO:0002456	pollinates	EOL:1114535	Paspalum notatum	GEONAMES:9257717	campus of Universidade de São Paulo	-21.175	-47.81055556	2010-03/2011-02	doi: 10.13102/sociobiology.v60i3.266-276	Aleixo, K.P., de Faria, L.B., Garófalo, C.A., Fonseca, V.L.I. and da Silva, C.I., 2013. Pollen collected and foraging activities of Frieseomelitta varia (Lepeletier)(Hymenoptera: Apidae) in an urban landscape. Sociobiology, 60(3), pp.266-276.
EOL:2757414	Frieseomelitta varia	RO:0002456	pollinates	EOL:486314	Piper umbellatum	GEONAMES:9257717	campus of Universidade de São Paulo	-21.175	-47.81055556	2010-03/2011-02	doi: 10.13102/sociobiology.v60i3.266-276	Aleixo, K.P., de Faria, L.B., Garófalo, C.A., Fonseca, V.L.I. and da Silva, C.I., 2013. Pollen collected and foraging activities of Frieseomelitta varia (Lepeletier)(Hymenoptera: Apidae) in an urban landscape. Sociobiology, 60(3), pp.266-276.
EOL:2757414	Frieseomelitta varia	RO:0002456	pollinates	EOL:247656	Pontederia cordata	GEONAMES:9257717	campus of Universidade de São Paulo	-21.175	-47.81055556	2010-03/2011-02	doi: 10.13102/sociobiology.v60i3.266-276	Aleixo, K.P., de Faria, L.B., Garófalo, C.A., Fonseca, V.L.I. and da Silva, C.I., 2013. Pollen collected and foraging activities of Frieseomelitta varia (Lepeletier)(Hymenoptera: Apidae) in an urban landscape. Sociobiology, 60(3), pp.266-276.
EOL:2757414	Frieseomelitta varia	RO:0002456	pollinates	EOL:248309	Ravenala madagascariensis	GEONAMES:9257717	campus of Universidade de São Paulo	-21.175	-47.81055556	2010-03/2011-02	doi: 10.13102/sociobiology.v60i3.266-276	Aleixo, K.P., de Faria, L.B., Garófalo, C.A., Fonseca, V.L.I. and da Silva, C.I., 2013. Pollen collected and foraging activities of Frieseomelitta varia (Lepeletier)(Hymenoptera: Apidae) in an urban landscape. Sociobiology, 60(3), pp.266-276.
EOL:2757414	Frieseomelitta varia	RO:0002456	pollinates	EOL:1151096	Ricinus communis	GEONAMES:9257717	campus of Universidade de São Paulo	-21.175	-47.81055556	2010-03/2011-02	doi: 10.13102/sociobiology.v60i3.266-276	Aleixo, K.P., de Faria, L.B., Garófalo, C.A., Fonseca, V.L.I. and da Silva, C.I., 2013. Pollen collected and foraging activities of Frieseomelitta varia (Lepeletier)(Hymenoptera: Apidae) in an urban landscape. Sociobiology, 60(3), pp.266-276.
EOL:2757414	Frieseomelitta varia	RO:0002456	pollinates	EOL:582274	Schinus terebinthifolia	GEONAMES:9257717	campus of Universidade de São Paulo	-21.175	-47.81055556	2010-03/2011-02	doi: 10.13102/sociobiology.v60i3.266-276	Aleixo, K.P., de Faria, L.B., Garófalo, C.A., Fonseca, V.L.I. and da Silva, C.I., 2013. Pollen collected and foraging activities of Frieseomelitta varia (Lepeletier)(Hymenoptera: Apidae) in an urban landscape. Sociobiology, 60(3), pp.266-276.
EOL:2757414	Frieseomelitta varia	RO:0002456	pollinates	EOL:5628699	Serjania lethalis	GEONAMES:9257717	campus of Universidade de São Paulo	-21.175	-47.81055556	2010-03/2011-02	doi: 10.13102/sociobiology.v60i3.266-276	Aleixo, K.P., de Faria, L.B., Garófalo, C.A., Fonseca, V.L.I. and da Silva, C.I., 2013. Pollen collected and foraging activities of Frieseomelitta varia (Lepeletier)(Hymenoptera: Apidae) in an urban landscape. Sociobiology, 60(3), pp.266-276.
EOL:2757414	Frieseomelitta varia	RO:0002456	pollinates	EOL:586706	Sida spinosa	GEONAMES:9257717	campus of Universidade de São Paulo	-21.175	-47.81055556	2010-03/2011-02	doi: 10.13102/sociobiology.v60i3.266-276	Aleixo, K.P., de Faria, L.B., Garófalo, C.A., Fonseca, V.L.I. and da Silva, C.I., 2013. Pollen collected and foraging activities of Frieseomelitta varia (Lepeletier)(Hymenoptera: Apidae) in an urban landscape. Sociobiology, 60(3), pp.266-276.
EOL:2757414	Frieseomelitta varia	RO:0002456	pollinates	EOL:1129524	Syagrus romanzoffiana	GEONAMES:9257717	campus of Universidade de São Paulo	-21.175	-47.81055556	2010-03/2011-02	doi: 10.13102/sociobiology.v60i3.266-276	Aleixo, K.P., de Faria, L.B., Garófalo, C.A., Fonseca, V.L.I. and da Silva, C.I., 2013. Pollen collected and foraging activities of Frieseomelitta varia (Lepeletier)(Hymenoptera: Apidae) in an urban landscape. Sociobiology, 60(3), pp.266-276.
EOL:2757414	Frieseomelitta varia	RO:0002456	pollinates	EOL:2508662	Syzygium malaccense	GEONAMES:9257717	campus of Universidade de São Paulo	-21.175	-47.81055556	2010-03/2011-02	doi: 10.13102/sociobiology.v60i3.266-276	Aleixo, K.P., de Faria, L.B., Garófalo, C.A., Fonseca, V.L.I. and da Silva, C.I., 2013. Pollen collected and foraging activities of Frieseomelitta varia (Lepeletier)(Hymenoptera: Apidae) in an urban landscape. Sociobiology, 60(3), pp.266-276.
EOL:2757414	Frieseomelitta varia	RO:0002456	pollinates	EOL:596711	Thunbergia grandiflora	GEONAMES:9257717	campus of Universidade de São Paulo	-21.175	-47.81055556	2010-03/2011-02	doi: 10.13102/sociobiology.v60i3.266-276	Aleixo, K.P., de Faria, L.B., Garófalo, C.A., Fonseca, V.L.I. and da Silva, C.I., 2013. Pollen collected and foraging activities of Frieseomelitta varia (Lepeletier)(Hymenoptera: Apidae) in an urban landscape. Sociobiology, 60(3), pp.266-276.
EOL:2757414	Frieseomelitta varia	RO:0002456	pollinates	EOL:503399	Tithonia diversifolia	GEONAMES:9257717	campus of Universidade de São Paulo	-21.175	-47.81055556	2010-03/2011-02	doi: 10.13102/sociobiology.v60i3.266-276	Aleixo, K.P., de Faria, L.B., Garófalo, C.A., Fonseca, V.L.I. and da Silva, C.I., 2013. Pollen collected and foraging activities of Frieseomelitta varia (Lepeletier)(Hymenoptera: Apidae) in an urban landscape. Sociobiology, 60(3), pp.266-276.
EOL:2757414	Frieseomelitta varia	RO:0002456	pollinates	EOL:523644	Tradescantia pallida	GEONAMES:9257717	campus of Universidade de São Paulo	-21.175	-47.81055556	2010-03/2011-02	doi: 10.13102/sociobiology.v60i3.266-276	Aleixo, K.P., de Faria, L.B., Garófalo, C.A., Fonseca, V.L.I. and da Silva, C.I., 2013. Pollen collected and foraging activities of Frieseomelitta varia (Lepeletier)(Hymenoptera: Apidae) in an urban landscape. Sociobiology, 60(3), pp.266-276.
EOL:2757414	Frieseomelitta varia	RO:0002456	pollinates	EOL:231353	Trema micrantha	GEONAMES:9257717	campus of Universidade de São Paulo	-21.175	-47.81055556	2010-03/2011-02	doi: 10.13102/sociobiology.v60i3.266-276	Aleixo, K.P., de Faria, L.B., Garófalo, C.A., Fonseca, V.L.I. and da Silva, C.I., 2013. Pollen collected and foraging activities of Frieseomelitta varia (Lepeletier)(Hymenoptera: Apidae) in an urban landscape. Sociobiology, 60(3), pp.266-276.
EOL:2757414	Frieseomelitta varia	RO:0002456	pollinates	EOL:5423676	Triumfetta rhomboidea	GEONAMES:9257717	campus of Universidade de São Paulo	-21.175	-47.81055556	2010-03/2011-02	doi: 10.13102/sociobiology.v60i3.266-276	Aleixo, K.P., de Faria, L.B., Garófalo, C.A., Fonseca, V.L.I. and da Silva, C.I., 2013. Pollen collected and foraging activities of Frieseomelitta varia (Lepeletier)(Hymenoptera: Apidae) in an urban landscape. Sociobiology, 60(3), pp.266-276.
EOL:2757299	Scaptotrigona aff. depilis	http://eol.org/schema/terms/VisitsFlowersOf	visits flowers of	EOL:581090	Acnistus arborescens	GEONAMES:9257717	Faculdade de Filosofia, Cieˆncias e Letras de Ribeira ̃o Preto (FFCLRP), Universidade de Sa ̃o Paulo	-21.175	-47.81055556		DOI: 10.1155/2012/630628	Faria LB, Aleixo KP, Garófalo CA, Imperatriz-Fonseca VL & Silva CI (2012) Foraging of Scaptotrigona aff. depilis (Hymenoptera, Apidae) in an urbanized area: Seasonality in resource availability and visited plants. Psyche.
EOL:2757299	Scaptotrigona aff. depilis	http://eol.org/schema/terms/VisitsFlowersOf	visits flowers of	EOL:582263	Anacardium occidentale	GEONAMES:9257717	Faculdade de Filosofia, Cieˆncias e Letras de Ribeira ̃o Preto (FFCLRP), Universidade de Sa ̃o Paulo	-21.175	-47.81055556		DOI: 10.1155/2012/630628	Faria LB, Aleixo KP, Garófalo CA, Imperatriz-Fonseca VL & Silva CI (2012) Foraging of Scaptotrigona aff. depilis (Hymenoptera, Apidae) in an urbanized area: Seasonality in resource availability and visited plants. Psyche.
EOL:2757299	Scaptotrigona aff. depilis	http://eol.org/schema/terms/VisitsFlowersOf	visits flowers of	EOL:1232823	Anadenanthera macrocarpa	GEONAMES:9257717	Faculdade de Filosofia, Cieˆncias e Letras de Ribeira ̃o Preto (FFCLRP), Universidade de Sa ̃o Paulo	-21.175	-47.81055556		DOI: 10.1155/2012/630628	Faria LB, Aleixo KP, Garófalo CA, Imperatriz-Fonseca VL & Silva CI (2012) Foraging of Scaptotrigona aff. depilis (Hymenoptera, Apidae) in an urbanized area: Seasonality in resource availability and visited plants. Psyche.
EOL:2757299	Scaptotrigona aff. depilis	http://eol.org/schema/terms/VisitsFlowersOf	visits flowers of	EOL:585588	Antigonon leptopus	GEONAMES:9257717	Faculdade de Filosofia, Cieˆncias e Letras de Ribeira ̃o Preto (FFCLRP), Universidade de Sa ̃o Paulo	-21.175	-47.81055556		DOI: 10.1155/2012/630628	Faria LB, Aleixo KP, Garófalo CA, Imperatriz-Fonseca VL & Silva CI (2012) Foraging of Scaptotrigona aff. depilis (Hymenoptera, Apidae) in an urbanized area: Seasonality in resource availability and visited plants. Psyche.
EOL:2757299	Scaptotrigona aff. depilis	http://eol.org/schema/terms/VisitsFlowersOf	visits flowers of	EOL:5406161	Bombacopsis glabra	GEONAMES:9257717	Faculdade de Filosofia, Cieˆncias e Letras de Ribeira ̃o Preto (FFCLRP), Universidade de Sa ̃o Paulo	-21.175	-47.81055556		DOI: 10.1155/2012/630628	Faria LB, Aleixo KP, Garófalo CA, Imperatriz-Fonseca VL & Silva CI (2012) Foraging of Scaptotrigona aff. depilis (Hymenoptera, Apidae) in an urbanized area: Seasonality in resource availability and visited plants. Psyche.
EOL:2757299	Scaptotrigona aff. depilis	http://eol.org/schema/terms/VisitsFlowersOf	visits flowers of	EOL:486414	Brunfelsia uniflora	GEONAMES:9257717	Faculdade de Filosofia, Cieˆncias e Letras de Ribeira ̃o Preto (FFCLRP), Universidade de Sa ̃o Paulo	-21.175	-47.81055556		DOI: 10.1155/2012/630628	Faria LB, Aleixo KP, Garófalo CA, Imperatriz-Fonseca VL & Silva CI (2012) Foraging of Scaptotrigona aff. depilis (Hymenoptera, Apidae) in an urbanized area: Seasonality in resource availability and visited plants. Psyche.
EOL:2757299	Scaptotrigona aff. depilis	http://eol.org/schema/terms/VisitsFlowersOf	visits flowers of	EOL:585682	Carica papaya	GEONAMES:9257717	Faculdade de Filosofia, Cieˆncias e Letras de Ribeira ̃o Preto (FFCLRP), Universidade de Sa ̃o Paulo	-21.175	-47.81055556		DOI: 10.1155/2012/630628	Faria LB, Aleixo KP, Garófalo CA, Imperatriz-Fonseca VL & Silva CI (2012) Foraging of Scaptotrigona aff. depilis (Hymenoptera, Apidae) in an urbanized area: Seasonality in resource availability and visited plants. Psyche.
EOL:2757299	Scaptotrigona aff. depilis	http://eol.org/schema/terms/VisitsFlowersOf	visits flowers of	EOL:581911	Cedrela odorata	GEONAMES:9257717	Faculdade de Filosofia, Cieˆncias e Letras de Ribeira ̃o Preto (FFCLRP), Universidade de Sa ̃o Paulo	-21.175	-47.81055556		DOI: 10.1155/2012/630628	Faria LB, Aleixo KP, Garófalo CA, Imperatriz-Fonseca VL & Silva CI (2012) Foraging of Scaptotrigona aff. depilis (Hymenoptera, Apidae) in an urbanized area: Seasonality in resource availability and visited plants. Psyche.
EOL:2757299	Scaptotrigona aff. depilis	http://eol.org/schema/terms/VisitsFlowersOf	visits flowers of	EOL:5405972	Ceiba speciosa	GEONAMES:9257717	Faculdade de Filosofia, Cieˆncias e Letras de Ribeira ̃o Preto (FFCLRP), Universidade de Sa ̃o Paulo	-21.175	-47.81055556		DOI: 10.1155/2012/630628	Faria LB, Aleixo KP, Garófalo CA, Imperatriz-Fonseca VL & Silva CI (2012) Foraging of Scaptotrigona aff. depilis (Hymenoptera, Apidae) in an urbanized area: Seasonality in resource availability and visited plants. Psyche.
EOL:2757299	Scaptotrigona aff. depilis	http://eol.org/schema/terms/VisitsFlowersOf	visits flowers of	EOL:589814	Celtis iguanaea	GEONAMES:9257717	Faculdade de Filosofia, Cieˆncias e Letras de Ribeira ̃o Preto (FFCLRP), Universidade de Sa ̃o Paulo	-21.175	-47.81055556		DOI: 10.1155/2012/630628	Faria LB, Aleixo KP, Garófalo CA, Imperatriz-Fonseca VL & Silva CI (2012) Foraging of Scaptotrigona aff. depilis (Hymenoptera, Apidae) in an urbanized area: Seasonality in resource availability and visited plants. Psyche.
EOL:2757299	Scaptotrigona aff. depilis	http://eol.org/schema/terms/VisitsFlowersOf	visits flowers of	EOL:585468	Chamissoa altissima	GEONAMES:9257717	Faculdade de Filosofia, Cieˆncias e Letras de Ribeira ̃o Preto (FFCLRP), Universidade de Sa ̃o Paulo	-21.175	-47.81055556		DOI: 10.1155/2012/630628	Faria LB, Aleixo KP, Garófalo CA, Imperatriz-Fonseca VL & Silva CI (2012) Foraging of Scaptotrigona aff. depilis (Hymenoptera, Apidae) in an urbanized area: Seasonality in resource availability and visited plants. Psyche.
EOL:2757299	Scaptotrigona aff. depilis	http://eol.org/schema/terms/VisitsFlowersOf	visits flowers of	EOL:5619784	Citrus latifolia	GEONAMES:9257717	Faculdade de Filosofia, Cieˆncias e Letras de Ribeira ̃o Preto (FFCLRP), Universidade de Sa ̃o Paulo	-21.175	-47.81055556		DOI: 10.1155/2012/630628	Faria LB, Aleixo KP, Garófalo CA, Imperatriz-Fonseca VL & Silva CI (2012) Foraging of Scaptotrigona aff. depilis (Hymenoptera, Apidae) in an urbanized area: Seasonality in resource availability and visited plants. Psyche.
EOL:2757299	Scaptotrigona aff. depilis	http://eol.org/schema/terms/VisitsFlowersOf	visits flowers of	EOL:488255	Citrus limonia	GEONAMES:9257717	Faculdade de Filosofia, Cieˆncias e Letras de Ribeira ̃o Preto (FFCLRP), Universidade de Sa ̃o Paulo	-21.175	-47.81055556		DOI: 10.1155/2012/630628	Faria LB, Aleixo KP, Garófalo CA, Imperatriz-Fonseca VL & Silva CI (2012) Foraging of Scaptotrigona aff. depilis (Hymenoptera, Apidae) in an urbanized area: Seasonality in resource availability and visited plants. Psyche.
EOL:2757299	Scaptotrigona aff. depilis	http://eol.org/schema/terms/VisitsFlowersOf	visits flowers of	EOL:5349756	Cordia trichotoma	GEONAMES:9257717	Faculdade de Filosofia, Cieˆncias e Letras de Ribeira ̃o Preto (FFCLRP), Universidade de Sa ̃o Paulo	-21.175	-47.81055556		DOI: 10.1155/2012/630628	Faria LB, Aleixo KP, Garófalo CA, Imperatriz-Fonseca VL & Silva CI (2012) Foraging of Scaptotrigona aff. depilis (Hymenoptera, Apidae) in an urbanized area: Seasonality in resource availability and visited plants. Psyche.
EOL:2757299	Scaptotrigona aff. depilis	http://eol.org/schema/terms/VisitsFlowersOf	visits flowers of	EOL:417417	Delonix regia	GEONAMES:9257717	Faculdade de Filosofia, Cieˆncias e Letras de Ribeira ̃o Preto (FFCLRP), Universidade de Sa ̃o Paulo	-21.175	-47.81055556		DOI: 10.1155/2012/630628	Faria LB, Aleixo KP, Garófalo CA, Imperatriz-Fonseca VL & Silva CI (2012) Foraging of Scaptotrigona aff. depilis (Hymenoptera, Apidae) in an urbanized area: Seasonality in resource availability and visited plants. Psyche.
EOL:2757299	Scaptotrigona aff. depilis	http://eol.org/schema/terms/VisitsFlowersOf	visits flowers of	EOL:2508574	Eugenia brasiliensis	GEONAMES:9257717	Faculdade de Filosofia, Cieˆncias e Letras de Ribeira ̃o Preto (FFCLRP), Universidade de Sa ̃o Paulo	-21.175	-47.81055556		DOI: 10.1155/2012/630628	Faria LB, Aleixo KP, Garófalo CA, Imperatriz-Fonseca VL & Silva CI (2012) Foraging of Scaptotrigona aff. depilis (Hymenoptera, Apidae) in an urbanized area: Seasonality in resource availability and visited plants. Psyche.
EOL:2757299	Scaptotrigona aff. depilis	http://eol.org/schema/terms/VisitsFlowersOf	visits flowers of	EOL:5310416	Eugenia involucrata	GEONAMES:9257717	Faculdade de Filosofia, Cieˆncias e Letras de Ribeira ̃o Preto (FFCLRP), Universidade de Sa ̃o Paulo	-21.175	-47.81055556		DOI: 10.1155/2012/630628	Faria LB, Aleixo KP, Garófalo CA, Imperatriz-Fonseca VL & Silva CI (2012) Foraging of Scaptotrigona aff. depilis (Hymenoptera, Apidae) in an urbanized area: Seasonality in resource availability and visited plants. Psyche.
EOL:2757299	Scaptotrigona aff. depilis	http://eol.org/schema/terms/VisitsFlowersOf	visits flowers of	EOL:5450483	Eugenia pyriformis	GEONAMES:9257717	Faculdade de Filosofia, Cieˆncias e Letras de Ribeira ̃o Preto (FFCLRP), Universidade de Sa ̃o Paulo	-21.175	-47.81055556		DOI: 10.1155/2012/630628	Faria LB, Aleixo KP, Garófalo CA, Imperatriz-Fonseca VL & Silva CI (2012) Foraging of Scaptotrigona aff. depilis (Hymenoptera, Apidae) in an urbanized area: Seasonality in resource availability and visited plants. Psyche.
EOL:2757299	Scaptotrigona aff. depilis	http://eol.org/schema/terms/VisitsFlowersOf	visits flowers of	EOL:2508562	Eugenia uniflora	GEONAMES:9257717	Faculdade de Filosofia, Cieˆncias e Letras de Ribeira ̃o Preto (FFCLRP), Universidade de Sa ̃o Paulo	-21.175	-47.81055556		DOI: 10.1155/2012/630628	Faria LB, Aleixo KP, Garófalo CA, Imperatriz-Fonseca VL & Silva CI (2012) Foraging of Scaptotrigona aff. depilis (Hymenoptera, Apidae) in an urbanized area: Seasonality in resource availability and visited plants. Psyche.
EOL:2757299	Scaptotrigona aff. depilis	http://eol.org/schema/terms/VisitsFlowersOf	visits flowers of	EOL:5222161	Gallesia integrifolia	GEONAMES:9257717	Faculdade de Filosofia, Cieˆncias e Letras de Ribeira ̃o Preto (FFCLRP), Universidade de Sa ̃o Paulo	-21.175	-47.81055556		DOI: 10.1155/2012/630628	Faria LB, Aleixo KP, Garófalo CA, Imperatriz-Fonseca VL & Silva CI (2012) Foraging of Scaptotrigona aff. depilis (Hymenoptera, Apidae) in an urbanized area: Seasonality in resource availability and visited plants. Psyche.
EOL:2757299	Scaptotrigona aff. depilis	http://eol.org/schema/terms/VisitsFlowersOf	visits flowers of	EOL:584815	Guazuma ulmifolia	GEONAMES:9257717	Faculdade de Filosofia, Cieˆncias e Letras de Ribeira ̃o Preto (FFCLRP), Universidade de Sa ̃o Paulo	-21.175	-47.81055556		DOI: 10.1155/2012/630628	Faria LB, Aleixo KP, Garófalo CA, Imperatriz-Fonseca VL & Silva CI (2012) Foraging of Scaptotrigona aff. depilis (Hymenoptera, Apidae) in an urbanized area: Seasonality in resource availability and visited plants. Psyche.
EOL:2757299	Scaptotrigona aff. depilis	http://eol.org/schema/terms/VisitsFlowersOf	visits flowers of	EOL:5637441	Handroanthus roseo-albus	GEONAMES:9257717	Faculdade de Filosofia, Cieˆncias e Letras de Ribeira ̃o Preto (FFCLRP), Universidade de Sa ̃o Paulo	-21.175	-47.81055556		DOI: 10.1155/2012/630628	Faria LB, Aleixo KP, Garófalo CA, Imperatriz-Fonseca VL & Silva CI (2012) Foraging of Scaptotrigona aff. depilis (Hymenoptera, Apidae) in an urbanized area: Seasonality in resource availability and visited plants. Psyche.
EOL:2757299	Scaptotrigona aff. depilis	http://eol.org/schema/terms/VisitsFlowersOf	visits flowers of	EOL:487497	Heliocarpus americanus	GEONAMES:9257717	Faculdade de Filosofia, Cieˆncias e Letras de Ribeira ̃o Preto (FFCLRP), Universidade de Sa ̃o Paulo	-21.175	-47.81055556		DOI: 10.1155/2012/630628	Faria LB, Aleixo KP, Garófalo CA, Imperatriz-Fonseca VL & Silva CI (2012) Foraging of Scaptotrigona aff. depilis (Hymenoptera, Apidae) in an urbanized area: Seasonality in resource availability and visited plants. Psyche.
EOL:2757299	Scaptotrigona aff. depilis	http://eol.org/schema/terms/VisitsFlowersOf	visits flowers of	EOL:6926786	Hypoestes sanguinolenta	GEONAMES:9257717	Faculdade de Filosofia, Cieˆncias e Letras de Ribeira ̃o Preto (FFCLRP), Universidade de Sa ̃o Paulo	-21.175	-47.81055556		DOI: 10.1155/2012/630628	Faria LB, Aleixo KP, Garófalo CA, Imperatriz-Fonseca VL & Silva CI (2012) Foraging of Scaptotrigona aff. depilis (Hymenoptera, Apidae) in an urbanized area: Seasonality in resource availability and visited plants. Psyche.
EOL:2757299	Scaptotrigona aff. depilis	http://eol.org/schema/terms/VisitsFlowersOf	visits flowers of	EOL:639895	Inga vera	GEONAMES:9257717	Faculdade de Filosofia, Cieˆncias e Letras de Ribeira ̃o Preto (FFCLRP), Universidade de Sa ̃o Paulo	-21.175	-47.81055556		DOI: 10.1155/2012/630628	Faria LB, Aleixo KP, Garófalo CA, Imperatriz-Fonseca VL & Silva CI (2012) Foraging of Scaptotrigona aff. depilis (Hymenoptera, Apidae) in an urbanized area: Seasonality in resource availability and visited plants. Psyche.
EOL:2757299	Scaptotrigona aff. depilis	http://eol.org/schema/terms/VisitsFlowersOf	visits flowers of	EOL:1155969	Joannesia princeps	GEONAMES:9257717	Faculdade de Filosofia, Cieˆncias e Letras de Ribeira ̃o Preto (FFCLRP), Universidade de Sa ̃o Paulo	-21.175	-47.81055556		DOI: 10.1155/2012/630628	Faria LB, Aleixo KP, Garófalo CA, Imperatriz-Fonseca VL & Silva CI (2012) Foraging of Scaptotrigona aff. depilis (Hymenoptera, Apidae) in an urbanized area: Seasonality in resource availability and visited plants. Psyche.
EOL:2757299	Scaptotrigona aff. depilis	http://eol.org/schema/terms/VisitsFlowersOf	visits flowers of	EOL:418348	Leucaena leucocephala	GEONAMES:9257717	Faculdade de Filosofia, Cieˆncias e Letras de Ribeira ̃o Preto (FFCLRP), Universidade de Sa ̃o Paulo	-21.175	-47.81055556		DOI: 10.1155/2012/630628	Faria LB, Aleixo KP, Garófalo CA, Imperatriz-Fonseca VL & Silva CI (2012) Foraging of Scaptotrigona aff. depilis (Hymenoptera, Apidae) in an urbanized area: Seasonality in resource availability and visited plants. Psyche.
EOL:2757299	Scaptotrigona aff. depilis	http://eol.org/schema/terms/VisitsFlowersOf	visits flowers of	EOL:487035	Ligustrum lucidum	GEONAMES:9257717	Faculdade de Filosofia, Cieˆncias e Letras de Ribeira ̃o Preto (FFCLRP), Universidade de Sa ̃o Paulo	-21.175	-47.81055556		DOI: 10.1155/2012/630628	Faria LB, Aleixo KP, Garófalo CA, Imperatriz-Fonseca VL & Silva CI (2012) Foraging of Scaptotrigona aff. depilis (Hymenoptera, Apidae) in an urbanized area: Seasonality in resource availability and visited plants. Psyche.
EOL:2757299	Scaptotrigona aff. depilis	http://eol.org/schema/terms/VisitsFlowersOf	visits flowers of	EOL:584862	Muntingia calabura	GEONAMES:9257717	Faculdade de Filosofia, Cieˆncias e Letras de Ribeira ̃o Preto (FFCLRP), Universidade de Sa ̃o Paulo	-21.175	-47.81055556		DOI: 10.1155/2012/630628	Faria LB, Aleixo KP, Garófalo CA, Imperatriz-Fonseca VL & Silva CI (2012) Foraging of Scaptotrigona aff. depilis (Hymenoptera, Apidae) in an urbanized area: Seasonality in resource availability and visited plants. Psyche.
EOL:2757299	Scaptotrigona aff. depilis	http://eol.org/schema/terms/VisitsFlowersOf	visits flowers of	EOL:1114535	Paspalum notatum	GEONAMES:9257717	Faculdade de Filosofia, Cieˆncias e Letras de Ribeira ̃o Preto (FFCLRP), Universidade de Sa ̃o Paulo	-21.175	-47.81055556		DOI: 10.1155/2012/630628	Faria LB, Aleixo KP, Garófalo CA, Imperatriz-Fonseca VL & Silva CI (2012) Foraging of Scaptotrigona aff. depilis (Hymenoptera, Apidae) in an urbanized area: Seasonality in resource availability and visited plants. Psyche.
EOL:2757299	Scaptotrigona aff. depilis	http://eol.org/schema/terms/VisitsFlowersOf	visits flowers of	EOL:5406503	Pseudobombax grandiflorum	GEONAMES:9257717	Faculdade de Filosofia, Cieˆncias e Letras de Ribeira ̃o Preto (FFCLRP), Universidade de Sa ̃o Paulo	-21.175	-47.81055556		DOI: 10.1155/2012/630628	Faria LB, Aleixo KP, Garófalo CA, Imperatriz-Fonseca VL & Silva CI (2012) Foraging of Scaptotrigona aff. depilis (Hymenoptera, Apidae) in an urbanized area: Seasonality in resource availability and visited plants. Psyche.
EOL:2757299	Scaptotrigona aff. depilis	http://eol.org/schema/terms/VisitsFlowersOf	visits flowers of	EOL:248309	Ravenala madagascariensis	GEONAMES:9257717	Faculdade de Filosofia, Cieˆncias e Letras de Ribeira ̃o Preto (FFCLRP), Universidade de Sa ̃o Paulo	-21.175	-47.81055556		DOI: 10.1155/2012/630628	Faria LB, Aleixo KP, Garófalo CA, Imperatriz-Fonseca VL & Silva CI (2012) Foraging of Scaptotrigona aff. depilis (Hymenoptera, Apidae) in an urbanized area: Seasonality in resource availability and visited plants. Psyche.
EOL:2757299	Scaptotrigona aff. depilis	http://eol.org/schema/terms/VisitsFlowersOf	visits flowers of	EOL:1151096	Ricinus communis	GEONAMES:9257717	Faculdade de Filosofia, Cieˆncias e Letras de Ribeira ̃o Preto (FFCLRP), Universidade de Sa ̃o Paulo	-21.175	-47.81055556		DOI: 10.1155/2012/630628	Faria LB, Aleixo KP, Garófalo CA, Imperatriz-Fonseca VL & Silva CI (2012) Foraging of Scaptotrigona aff. depilis (Hymenoptera, Apidae) in an urbanized area: Seasonality in resource availability and visited plants. Psyche.
EOL:2757299	Scaptotrigona aff. depilis	http://eol.org/schema/terms/VisitsFlowersOf	visits flowers of	EOL:582274	Schinus terebinthifolius	GEONAMES:9257717	Faculdade de Filosofia, Cieˆncias e Letras de Ribeira ̃o Preto (FFCLRP), Universidade de Sa ̃o Paulo	-21.175	-47.81055556		DOI: 10.1155/2012/630628	Faria LB, Aleixo KP, Garófalo CA, Imperatriz-Fonseca VL & Silva CI (2012) Foraging of Scaptotrigona aff. depilis (Hymenoptera, Apidae) in an urbanized area: Seasonality in resource availability and visited plants. Psyche.
EOL:2757299	Scaptotrigona aff. depilis	http://eol.org/schema/terms/VisitsFlowersOf	visits flowers of	EOL:5628699	Serjania lethalis	GEONAMES:9257717	Faculdade de Filosofia, Cieˆncias e Letras de Ribeira ̃o Preto (FFCLRP), Universidade de Sa ̃o Paulo	-21.175	-47.81055556		DOI: 10.1155/2012/630628	Faria LB, Aleixo KP, Garófalo CA, Imperatriz-Fonseca VL & Silva CI (2012) Foraging of Scaptotrigona aff. depilis (Hymenoptera, Apidae) in an urbanized area: Seasonality in resource availability and visited plants. Psyche.
EOL:2757299	Scaptotrigona aff. depilis	http://eol.org/schema/terms/VisitsFlowersOf	visits flowers of	EOL:590202	Sphagneticola trilobata	GEONAMES:9257717	Faculdade de Filosofia, Cieˆncias e Letras de Ribeira ̃o Preto (FFCLRP), Universidade de Sa ̃o Paulo	-21.175	-47.81055556		DOI: 10.1155/2012/630628	Faria LB, Aleixo KP, Garófalo CA, Imperatriz-Fonseca VL & Silva CI (2012) Foraging of Scaptotrigona aff. depilis (Hymenoptera, Apidae) in an urbanized area: Seasonality in resource availability and visited plants. Psyche.
EOL:2757299	Scaptotrigona aff. depilis	http://eol.org/schema/terms/VisitsFlowersOf	visits flowers of	EOL:1129524	Syagrus romanzoffiana	GEONAMES:9257717	Faculdade de Filosofia, Cieˆncias e Letras de Ribeira ̃o Preto (FFCLRP), Universidade de Sa ̃o Paulo	-21.175	-47.81055556		DOI: 10.1155/2012/630628	Faria LB, Aleixo KP, Garófalo CA, Imperatriz-Fonseca VL & Silva CI (2012) Foraging of Scaptotrigona aff. depilis (Hymenoptera, Apidae) in an urbanized area: Seasonality in resource availability and visited plants. Psyche.
EOL:2757299	Scaptotrigona aff. depilis	http://eol.org/schema/terms/VisitsFlowersOf	visits flowers of	EOL:2508660	Syzygium cumini	GEONAMES:9257717	Faculdade de Filosofia, Cieˆncias e Letras de Ribeira ̃o Preto (FFCLRP), Universidade de Sa ̃o Paulo	-21.175	-47.81055556		DOI: 10.1155/2012/630628	Faria LB, Aleixo KP, Garófalo CA, Imperatriz-Fonseca VL & Silva CI (2012) Foraging of Scaptotrigona aff. depilis (Hymenoptera, Apidae) in an urbanized area: Seasonality in resource availability and visited plants. Psyche.
EOL:2757299	Scaptotrigona aff. depilis	http://eol.org/schema/terms/VisitsFlowersOf	visits flowers of	EOL:579742	Tectona grandis	GEONAMES:9257717	Faculdade de Filosofia, Cieˆncias e Letras de Ribeira ̃o Preto (FFCLRP), Universidade de Sa ̃o Paulo	-21.175	-47.81055556		DOI: 10.1155/2012/630628	Faria LB, Aleixo KP, Garófalo CA, Imperatriz-Fonseca VL & Silva CI (2012) Foraging of Scaptotrigona aff. depilis (Hymenoptera, Apidae) in an urbanized area: Seasonality in resource availability and visited plants. Psyche.
EOL:2757299	Scaptotrigona aff. depilis	http://eol.org/schema/terms/VisitsFlowersOf	visits flowers of	EOL:638623	Tipuana tipu	GEONAMES:9257717	Faculdade de Filosofia, Cieˆncias e Letras de Ribeira ̃o Preto (FFCLRP), Universidade de Sa ̃o Paulo	-21.175	-47.81055556		DOI: 10.1155/2012/630628	Faria LB, Aleixo KP, Garófalo CA, Imperatriz-Fonseca VL & Silva CI (2012) Foraging of Scaptotrigona aff. depilis (Hymenoptera, Apidae) in an urbanized area: Seasonality in resource availability and visited plants. Psyche.
EOL:2757299	Scaptotrigona aff. depilis	http://eol.org/schema/terms/VisitsFlowersOf	visits flowers of	EOL:503399	Tithonia diversifolia	GEONAMES:9257717	Faculdade de Filosofia, Cieˆncias e Letras de Ribeira ̃o Preto (FFCLRP), Universidade de Sa ̃o Paulo	-21.175	-47.81055556		DOI: 10.1155/2012/630628	Faria LB, Aleixo KP, Garófalo CA, Imperatriz-Fonseca VL & Silva CI (2012) Foraging of Scaptotrigona aff. depilis (Hymenoptera, Apidae) in an urbanized area: Seasonality in resource availability and visited plants. Psyche.
EOL:2757299	Scaptotrigona aff. depilis	http://eol.org/schema/terms/VisitsFlowersOf	visits flowers of	EOL:523644	Tradescantia pallida 	GEONAMES:9257717	Faculdade de Filosofia, Cieˆncias e Letras de Ribeira ̃o Preto (FFCLRP), Universidade de Sa ̃o Paulo	-21.175	-47.81055556		DOI: 10.1155/2012/630628	Faria LB, Aleixo KP, Garófalo CA, Imperatriz-Fonseca VL & Silva CI (2012) Foraging of Scaptotrigona aff. depilis (Hymenoptera, Apidae) in an urbanized area: Seasonality in resource availability and visited plants. Psyche.
EOL:2757299	Scaptotrigona aff. depilis	http://eol.org/schema/terms/VisitsFlowersOf	visits flowers of	EOL:524191	Tradescantia zebrina	GEONAMES:9257717	Faculdade de Filosofia, Cieˆncias e Letras de Ribeira ̃o Preto (FFCLRP), Universidade de Sa ̃o Paulo	-21.175	-47.81055556		DOI: 10.1155/2012/630628	Faria LB, Aleixo KP, Garófalo CA, Imperatriz-Fonseca VL & Silva CI (2012) Foraging of Scaptotrigona aff. depilis (Hymenoptera, Apidae) in an urbanized area: Seasonality in resource availability and visited plants. Psyche.
EOL:2757299	Scaptotrigona aff. depilis	http://eol.org/schema/terms/VisitsFlowersOf	visits flowers of	EOL:5423676	Triumfetta rhomboidea	GEONAMES:9257717	Faculdade de Filosofia, Cieˆncias e Letras de Ribeira ̃o Preto (FFCLRP), Universidade de Sa ̃o Paulo	-21.175	-47.81055556		DOI: 10.1155/2012/630628	Faria LB, Aleixo KP, Garófalo CA, Imperatriz-Fonseca VL & Silva CI (2012) Foraging of Scaptotrigona aff. depilis (Hymenoptera, Apidae) in an urbanized area: Seasonality in resource availability and visited plants. Psyche.
EOL:1045608	Apis mellifera	http://eol.org/schema/terms/VisitsFlowersOf	visits flowers of	EOL:483207	Dahlia coccinea	GEONAMES:3530597	southwest of Mexico City	19.3333333	-99.13333333		DOI: 10.1603/0046-225X-33.2.297	Figueroa-Castro DM, Cano-Santana Z (2004) Floral Visitor Guilds of Five Allochronic Flowering Asteraceous Species in a Xeric Community in Central Mexico. Environmental Entomology 33(2):297-309.
EOL:1045608	Apis mellifera	http://eol.org/schema/terms/VisitsFlowersOf	visits flowers of	EOL:6173666	Eupatorium petiolare	GEONAMES:3530597	southwest of Mexico City	19.3333333	-99.13333333		DOI: 10.1603/0046-225X-33.2.297	Figueroa-Castro DM, Cano-Santana Z (2004) Floral Visitor Guilds of Five Allochronic Flowering Asteraceous Species in a Xeric Community in Central Mexico. Environmental Entomology 33(2):297-309.
EOL:1045608	Apis mellifera	http://eol.org/schema/terms/VisitsFlowersOf	visits flowers of	EOL:6191043	Senecio praecox	GEONAMES:3530597	southwest of Mexico City	19.3333333	-99.13333333		DOI: 10.1603/0046-225X-33.2.297	Figueroa-Castro DM, Cano-Santana Z (2004) Floral Visitor Guilds of Five Allochronic Flowering Asteraceous Species in a Xeric Community in Central Mexico. Environmental Entomology 33(2):297-309.
EOL:1045608	Apis mellifera	http://eol.org/schema/terms/VisitsFlowersOf	visits flowers of	EOL:503291	Tagetes lunulata	GEONAMES:3530597	southwest of Mexico City	19.3333333	-99.13333333		DOI: 10.1603/0046-225X-33.2.297	Figueroa-Castro DM, Cano-Santana Z (2004) Floral Visitor Guilds of Five Allochronic Flowering Asteraceous Species in a Xeric Community in Central Mexico. Environmental Entomology 33(2):297-309.
EOL:1045608	Apis mellifera	http://eol.org/schema/terms/VisitsFlowersOf	visits flowers of	EOL:6185929	Verbesina virgata	GEONAMES:3530597	southwest of Mexico City	19.3333333	-99.13333333		DOI: 10.1603/0046-225X-33.2.297	Figueroa-Castro DM, Cano-Santana Z (2004) Floral Visitor Guilds of Five Allochronic Flowering Asteraceous Species in a Xeric Community in Central Mexico. Environmental Entomology 33(2):297-309.
EOL:80860	Copestylum	http://eol.org/schema/terms/VisitsFlowersOf	visits flowers of	EOL:483207	Dahlia coccinea	GEONAMES:3530597	southwest of Mexico City	19.3333333	-99.13333333		DOI: 10.1603/0046-225X-33.2.297	Figueroa-Castro DM, Cano-Santana Z (2004) Floral Visitor Guilds of Five Allochronic Flowering Asteraceous Species in a Xeric Community in Central Mexico. Environmental Entomology 33(2):297-309.
EOL:80860	Copestylum	http://eol.org/schema/terms/VisitsFlowersOf	visits flowers of	EOL:6191043	Senecio praecox	GEONAMES:3530597	southwest of Mexico City	19.3333333	-99.13333333		DOI: 10.1603/0046-225X-33.2.297	Figueroa-Castro DM, Cano-Santana Z (2004) Floral Visitor Guilds of Five Allochronic Flowering Asteraceous Species in a Xeric Community in Central Mexico. Environmental Entomology 33(2):297-309.
EOL:55390	Dilophus	http://eol.org/schema/terms/VisitsFlowersOf	visits flowers of	EOL:6173666	Eupatorium petiolare	GEONAMES:3530597	southwest of Mexico City	19.3333333	-99.13333333		DOI: 10.1603/0046-225X-33.2.297	Figueroa-Castro DM, Cano-Santana Z (2004) Floral Visitor Guilds of Five Allochronic Flowering Asteraceous Species in a Xeric Community in Central Mexico. Environmental Entomology 33(2):297-309.
EOL:55390	Dilophus	http://eol.org/schema/terms/VisitsFlowersOf	visits flowers of	EOL:6191043	Senecio praecox	GEONAMES:3530597	southwest of Mexico City	19.3333333	-99.13333333		DOI: 10.1603/0046-225X-33.2.297	Figueroa-Castro DM, Cano-Santana Z (2004) Floral Visitor Guilds of Five Allochronic Flowering Asteraceous Species in a Xeric Community in Central Mexico. Environmental Entomology 33(2):297-309.
EOL:750456	Eristalis tenax	http://eol.org/schema/terms/VisitsFlowersOf	visits flowers of	EOL:483207	Dahlia coccinea	GEONAMES:3530597	southwest of Mexico City	19.3333333	-99.13333333		DOI: 10.1603/0046-225X-33.2.297	Figueroa-Castro DM, Cano-Santana Z (2004) Floral Visitor Guilds of Five Allochronic Flowering Asteraceous Species in a Xeric Community in Central Mexico. Environmental Entomology 33(2):297-309.
EOL:750456	Eristalis tenax	http://eol.org/schema/terms/VisitsFlowersOf	visits flowers of	EOL:503291	Tagetes lunulata	GEONAMES:3530597	southwest of Mexico City	19.3333333	-99.13333333		DOI: 10.1603/0046-225X-33.2.297	Figueroa-Castro DM, Cano-Santana Z (2004) Floral Visitor Guilds of Five Allochronic Flowering Asteraceous Species in a Xeric Community in Central Mexico. Environmental Entomology 33(2):297-309.
EOL:1174377	Hippodamia convergens	http://eol.org/schema/terms/VisitsFlowersOf	visits flowers of	EOL:6191043	Senecio praecox	GEONAMES:3530597	southwest of Mexico City	19.3333333	-99.13333333		DOI: 10.1603/0046-225X-33.2.297	Figueroa-Castro DM, Cano-Santana Z (2004) Floral Visitor Guilds of Five Allochronic Flowering Asteraceous Species in a Xeric Community in Central Mexico. Environmental Entomology 33(2):297-309.
EOL:185431	Hylephila philaeus	http://eol.org/schema/terms/VisitsFlowersOf	visits flowers of	EOL:483207	Dahlia coccinea	GEONAMES:3530597	southwest of Mexico City	19.3333333	-99.13333333		DOI: 10.1603/0046-225X-33.2.297	Figueroa-Castro DM, Cano-Santana Z (2004) Floral Visitor Guilds of Five Allochronic Flowering Asteraceous Species in a Xeric Community in Central Mexico. Environmental Entomology 33(2):297-309.
EOL:185431	Hylephila philaeus	http://eol.org/schema/terms/VisitsFlowersOf	visits flowers of	EOL:503291	Tagetes lunulata	GEONAMES:3530597	southwest of Mexico City	19.3333333	-99.13333333		DOI: 10.1603/0046-225X-33.2.297	Figueroa-Castro DM, Cano-Santana Z (2004) Floral Visitor Guilds of Five Allochronic Flowering Asteraceous Species in a Xeric Community in Central Mexico. Environmental Entomology 33(2):297-309.
EOL:1045608	Apis mellifera	http://eol.org/schema/terms/VisitsFlowersOf	visits flowers of	EOL:583814	Sinapis arvensis	GEONAMES:2918632	Göttingen, Germany			1995-06-19/1995-04-06	DOI: 10.1007/s004420050949	Steffan-Dewenter I, Tscharntke T (1999) Effects of habitat isolation on pollinator communities and seed set. Oecologia 121(3):432-440.
EOL:38452	Ipomoea	http://eol.org/schema/terms/VisitsFlowersOf	visits flowers of	EOL:1065138	Bombus impatiens	GEONAMES:4185202	Bulloch County, Georgia			1999/2000		Wolfe LM e Sowell DR (2006) Do pollination syndromes partition the pollinator community? A test using four sympatric morning glory species. International Journal of Biological Sciences ci 167(6):1169-1175.
EOL:38452	Ipomoea	http://eol.org/schema/terms/VisitsFlowersOf	visits flowers of	EOL:185431	Hylephila phyleus	GEONAMES:4185202	Bulloch County, Georgia			1999/2000		Wolfe LM e Sowell DR (2006) Do pollination syndromes partition the pollinator community? A test using four sympatric morning glory species. International Journal of Biological Sciences ci 167(6):1169-1175.

